04.06.2021,52.996
03.06.2021,52.966
02.06.2021,52.941
01.06.2021,52.870
31.05.2021,52.810
30.05.2021,52.761
29.05.2021,52.730
28.05.2021,52.658
27.05.2021,52.600
26.05.2021,52.508
25.05.2021,52.425
24.05.2021,52.382
23.05.2021,52.304
22.05.2021,52.248
21.05.2021,52.161
20.05.2021,52.006
19.05.2021,51.898
18.05.2021,51.786
17.05.2021,51.609
16.05.2021,51.551
15.05.2021,51.252
14.05.2021,51.042
13.05.2021,50.973
12.05.2021,50.846
11.05.2021,50.650
10.05.2021,50.477
09.05.2021,50.403
08.05.2021,50.214
07.05.2021,49.961
06.05.2021,49.752
05.05.2021,49.508
04.05.2021,49.198
03.05.2021,48.949
02.05.2021,48.764
01.05.2021,48.510
30.04.2021,48.093
29.04.2021,47.800
28.04.2021,47.505
27.04.2021,47.199
26.04.2021,46.975
25.04.2021,46.716
24.04.2021,46.396
23.04.2021,46.057
22.04.2021,45.637
21.04.2021,45.117
20.04.2021,44.680
19.04.2021,44.344
18.04.2021,44.026
17.04.2021,43.619
16.04.2021,43.292
15.04.2021,42.935
14.04.2021,42.687
13.04.2021,42.345
12.04.2021,42.041
11.04.2021,41.860
10.04.2021,41.505
09.04.2021,41.207
08.04.2021,40.988
07.04.2021,40.726
06.04.2021,40.460
05.04.2021,40.300
04.04.2021,40.085
03.04.2021,39.951
02.04.2021,39.689
01.04.2021,39.397
31.03.2021,39.138
30.03.2021,38.887
29.03.2021,38.658
28.03.2021,38.488
27.03.2021,38.361
26.03.2021,38.119
25.03.2021,37.912
24.03.2021,37.597
23.03.2021,37.358
22.03.2021,37.148
21.03.2021,36.974
20.03.2021,36.820
19.03.2021,36.633
18.03.2021,36.467
17.03.2021,36.298
16.03.2021,36.034
15.03.2021,35.901
14.03.2021,35.716
13.03.2021,35.611
12.03.2021,35.456
11.03.2021,35.281
10.03.2021,35.042
09.03.2021,34.869
08.03.2021,34.711
07.03.2021,34.605
06.03.2021,34.573
05.03.2021,34.473
04.03.2021,34.324
03.03.2021,34.208
02.03.2021,34.118
01.03.2021,33.984
28.02.2021,33.875
27.02.2021,33.782
26.02.2021,33.647
25.02.2021,33.518
24.02.2021,33.411
23.02.2021,33.264
22.02.2021,33.136
21.02.2021,33.081
20.02.2021,32.995
19.02.2021,32.882
18.02.2021,32.762
17.02.2021,32.649
16.02.2021,32.481
15.02.2021,32.411
14.02.2021,32.334
13.02.2021,32.249
12.02.2021,32.144
11.02.2021,32.030
10.02.2021,31.882
09.02.2021,31.773
08.02.2021,31.668
07.02.2021,31.579
06.02.2021,31.536
05.02.2021,31.409
04.02.2021,31.278
03.02.2021,31.059
02.02.2021,30.900
01.02.2021,30.807
31.01.2021,30.699
30.01.2021,30.601
29.01.2021,30.485
28.01.2021,30.289
27.01.2021,30.219
26.01.2021,30.070
25.01.2021,29.918
24.01.2021,29.821
23.01.2021,29.741
22.01.2021,29.656
21.01.2021,29.464
20.01.2021,29.317
19.01.2021,29.148
18.01.2021,28.927
17.01.2021,28.809
16.01.2021,28.720
15.01.2021,28.575
14.01.2021,28.404
13.01.2021,28.214
12.01.2021,28.021
11.01.2021,27.803
10.01.2021,27.661
09.01.2021,27.581
08.01.2021,27.406
07.01.2021,27.194
06.01.2021,26.977
05.01.2021,26.786
04.01.2021,26.523
03.01.2021,26.349
02.01.2021,26.280
01.01.2021,26.166
31.12.2020,26.067
30.12.2020,25.953
29.12.2020,25.734
28.12.2020,25.489
27.12.2020,25.323
26.12.2020,25.198
25.12.2020,25.089
24.12.2020,24.998
23.12.2020,24.773
22.12.2020,24.423
21.12.2020,24.150
20.12.2020,23.945
19.12.2020,23.787
18.12.2020,23.504
17.12.2020,23.197
16.12.2020,22.912
15.12.2020,22.614
14.12.2020,22.263
13.12.2020,22.079
12.12.2020,21.931
11.12.2020,21.746
10.12.2020,21.500
09.12.2020,21.300
08.12.2020,21.019
07.12.2020,20.749
06.12.2020,20.573
05.12.2020,20.497
04.12.2020,20.336
03.12.2020,20.092
02.12.2020,19.825
01.12.2020,19.581
30.11.2020,19.257
29.11.2020,19.111
28.11.2020,19.014
27.11.2020,18.803
26.11.2020,18.594
25.11.2020,18.380
24.11.2020,18.145
23.11.2020,17.832
22.11.2020,17.599
21.11.2020,17.538
20.11.2020,17.396
19.11.2020,16.980
18.11.2020,16.624
17.11.2020,16.346
16.11.2020,16.058
15.11.2020,15.829
14.11.2020,15.636
13.11.2020,15.392
12.11.2020,15.129
11.11.2020,14.689
10.11.2020,14.382
09.11.2020,14.086
08.11.2020,13.921
07.11.2020,13.658
06.11.2020,13.350
05.11.2020,12.979
04.11.2020,12.599
03.11.2020,12.202
02.11.2020,11.869
01.11.2020,11.645
31.10.2020,11.392
30.10.2020,11.113
29.10.2020,10.722
28.10.2020,10.275
27.10.2020,9.857
26.10.2020,9.421
25.10.2020,9.209
24.10.2020,8.938
23.10.2020,8.635
22.10.2020,8.256
21.10.2020,7.890
20.10.2020,7.571
19.10.2020,7.322
18.10.2020,7.173
17.10.2020,7.009
16.10.2020,6.845
15.10.2020,6.687
14.10.2020,6.484
13.10.2020,6.304
12.10.2020,6.173
11.10.2020,6.090
10.10.2020,5.995
09.10.2020,5.898
08.10.2020,5.776
07.10.2020,5.637
06.10.2020,5.486
05.10.2020,5.406
04.10.2020,5.346
03.10.2020,5.306
02.10.2020,5.244
01.10.2020,5.186
30.09.2020,5.098
29.09.2020,5.019
28.09.2020,4.955
27.09.2020,4.905
26.09.2020,4.870
25.09.2020,4.826
24.09.2020,4.744
23.09.2020,4.661
22.09.2020,4.609
21.09.2020,4.570
20.09.2020,4.526
19.09.2020,4.482
18.09.2020,4.454
17.09.2020,4.379
16.09.2020,4.303
15.09.2020,4.235
14.09.2020,4.173
13.09.2020,4.144
12.09.2020,4.103
11.09.2020,4.053
10.09.2020,3.995
09.09.2020,3.963
08.09.2020,3.909
07.09.2020,3.869
06.09.2020,3.855
05.09.2020,3.842
04.09.2020,3.821
03.09.2020,3.791
02.09.2020,3.747
01.09.2020,3.720
31.08.2020,3.700
30.08.2020,3.674
29.08.2020,3.641
28.08.2020,3.632
27.08.2020,3.595
26.08.2020,3.561
25.08.2020,3.537
24.08.2020,3.521
23.08.2020,3.496
22.08.2020,3.471
21.08.2020,3.460
20.08.2020,3.437
19.08.2020,3.414
18.08.2020,3.382
17.08.2020,3.357
16.08.2020,3.332
15.08.2020,3.319
14.08.2020,3.295
13.08.2020,3.264
12.08.2020,3.231
11.08.2020,3.199
10.08.2020,3.172
09.08.2020,3.151
08.08.2020,3.131
07.08.2020,3.110
06.08.2020,3.090
05.08.2020,3.081
04.08.2020,3.048
03.08.2020,3.026
02.08.2020,3.010
01.08.2020,2.988
31.07.2020,2.975
30.07.2020,2.962
29.07.2020,2.942
28.07.2020,2.924
27.07.2020,2.908
26.07.2020,2.900
25.07.2020,2.897
24.07.2020,2.878
23.07.2020,2.864
22.07.2020,2.852
21.07.2020,2.833
20.07.2020,2.821
19.07.2020,2.806
18.07.2020,2.803
17.07.2020,2.785
16.07.2020,2.763
15.07.2020,2.746
14.07.2020,2.718
13.07.2020,2.700
12.07.2020,2.694
11.07.2020,2.689
10.07.2020,2.680
09.07.2020,2.662
08.07.2020,2.643
07.07.2020,2.637
06.07.2020,2.626
05.07.2020,2.622
04.07.2020,2.621
03.07.2020,2.618
02.07.2020,2.612
01.07.2020,2.609
30.06.2020,2.605
29.06.2020,2.597
28.06.2020,2.595
27.06.2020,2.595
26.06.2020,2.595
25.06.2020,2.590
24.06.2020,2.584
23.06.2020,2.580
22.06.2020,2.578
21.06.2020,2.576
20.06.2020,2.574
19.06.2020,2.562
18.06.2020,2.555
17.06.2020,2.549
16.06.2020,2.542
15.06.2020,2.541
14.06.2020,2.536
13.06.2020,2.529
12.06.2020,2.523
11.06.2020,2.521
10.06.2020,2.515
09.06.2020,2.505
08.06.2020,2.500
07.06.2020,2.500
06.06.2020,2.498
05.06.2020,2.490
04.06.2020,2.483
03.06.2020,2.477
02.06.2020,2.474
01.06.2020,2.473
31.05.2020,2.473
30.05.2020,2.472
29.05.2020,2.472
28.05.2020,2.465
27.05.2020,2.460
26.05.2020,2.454
25.05.2020,2.450
24.05.2020,2.447
23.05.2020,2.447
22.05.2020,2.439
21.05.2020,2.438
20.05.2020,2.433
19.05.2020,2.430
18.05.2020,2.424
17.05.2020,2.421
16.05.2020,2.411
15.05.2020,2.408
14.05.2020,2.400
13.05.2020,2.395
12.05.2020,2.386
11.05.2020,2.375
10.05.2020,2.375
09.05.2020,2.374
08.05.2020,2.371
07.05.2020,2.356
06.05.2020,2.345
05.05.2020,2.337
04.05.2020,2.319
03.05.2020,2.316
02.05.2020,2.312
01.05.2020,2.305
30.04.2020,2.287
29.04.2020,2.269
28.04.2020,2.256
27.04.2020,2.247
26.04.2020,2.243
25.04.2020,2.236
24.04.2020,2.221
23.04.2020,2.210
22.04.2020,2.196
21.04.2020,2.176
20.04.2020,2.161
19.04.2020,2.154
18.04.2020,2.149
17.04.2020,2.141
16.04.2020,2.114
15.04.2020,2.087
14.04.2020,2.063
13.04.2020,2.046
12.04.2020,2.039
11.04.2020,2.009
10.04.2020,1.987
09.04.2020,1.958
08.04.2020,1.913
07.04.2020,1.845
06.04.2020,1.791
05.04.2020,1.751
04.04.2020,1.726
03.04.2020,1.707
02.04.2020,1.657
01.04.2020,1.587
31.03.2020,1.465
30.03.2020,1.376
29.03.2020,1.312
28.03.2020,1.256
27.03.2020,1.176
26.03.2020,1.093
25.03.2020,1.033
24.03.2020,956
23.03.2020,869
22.03.2020,821
21.03.2020,774
20.03.2020,714
19.03.2020,615
18.03.2020,510
17.03.2020,420
16.03.2020,320
15.03.2020,275
14.03.2020,240
13.03.2020,151
12.03.2020,103
11.03.2020,63
10.03.2020,55
09.03.2020,45
08.03.2020,35
07.03.2020,33
06.03.2020,32
05.03.2020,22
04.03.2020,16
03.03.2020,14
02.03.2020,8
01.03.2020,7
29.02.2020,5
28.02.2020,3
27.02.2020,3
26.02.2020,2
25.02.2020,2
24.02.2020,2
23.02.2020,2
22.02.2020,2
21.02.2020,2
20.02.2020,2